index,fileName,stenosis_flag,stenosis_location,effect_region,percentage,distanceSourceToDetector,distanceSourceToDetector,positionerPrimaryAngle,positionerSecondaryAngle
1,001 (8)_R1,0.879909326611,0.0209494911145,0.894353172612,1036.0,1036.0,21.1,20.1
2,001 (9)_R1,0.91687282148,0.0449548049598,0.435799322809,1019.0,1019.0,-35.5,0.4
0,001 (7)_R1,0.0927839540259,0.0408345834737,0.469589888456,1003.0,1003.0,41.1,2.3
